Team,Winrate,Elo,International Elo,LAN Winrate,K/D Ratio,Average Damage,Average Combat Score,Average First Kills,Average First Deaths Per Round,Rating,KAST,Clutch Success,Image Path,Region,id
100 Thieves,86.66666666666667,1713.0529131102503,1590.10609670704,100.0,1.1369831700576387,130.82558715894243,200.09429682159947,3.2471288312077786,0.9381580865284813,1.0472770538428433,73.06758935022093,40.337626262626266,/static/logos/100-thieves-logo.png,AMER,1
2Game Esports,16.666666666666664,1408.697557047972,1500.0,50.0,0.8966026658526659,123.47973137973138,186.68484940984942,3.277197802197802,0.1108560236060236,0.8707026862026862,66.80861823361823,34.6500992063492,/static/logos/2game-esports-logo.png,AMER,2
A Team,0.0,1462.4091779399214,1500.0,50.0,1.0,130.0,200.0,5.0,0.25,1.0,70.0,15.0,/static/logos/a-team-logo.png,CN,3
Acend,77.77777777777779,1573.9433167049945,1573.9433167049945,81.18811881188118,1.046489449548273,125.16436156436157,192.43210079680668,3.3419260478084007,0.09632027667321785,1.0135365375365375,71.89036671389613,17.73363812113812,/static/logos/acend-logo.png,EMEA,4
All Gamers,40.0,1484.8494388119752,1478.617407215034,41.836734693877546,1.0563621295298133,125.26091109954233,197.49861943249198,3.014128402461736,0.8579798306687447,0.9779780866653038,71.2263759242266,33.654761904761905,/static/logos/all-gamers-logo.png,CN,5
Apeks,0.0,1349.175440312652,1500.0,50.0,0.8674456361312979,120.05256172204702,182.61723018267136,3.3349131396925515,0.11051959022731082,0.8827019016522692,67.85001737777473,28.069642857142856,/static/logos/apeks-logo.png,EMEA,6
BBL Esports,60.0,1598.364421927372,1495.189564658915,40.59405940594059,1.0159443918394262,131.1078218078218,198.51901431901433,4.887267547267546,3.552116120916121,1.0005869981869981,69.25439671439672,30.006666666666668,/static/logos/bbl-esports-logo.png,EMEA,7
BOOM Esports,33.33333333333333,1418.5697697369053,1472.83688211738,0.0,1.0176361790170614,128.44230646804175,197.4967491441021,3.5273165124635715,0.09897027699968877,0.9764358663667487,71.20082732082732,29.340064935064937,/static/logos/boom-esports-logo.png,Pacific,8
Bilibili Gaming,60.0,1558.1453185447567,1414.577822123396,18.81188118811881,1.0308724374882243,127.01882615750263,193.72090098898923,3.471317903229668,0.3802355554032025,0.9975744093052916,71.39201549539784,24.11904761904762,/static/logos/bilibili-gaming-logo.png,CN,9
Cloud9,53.333333333333336,1531.3756774275037,1501.6461131968745,50.0,0.9891646323963156,124.29338356632474,189.58698723934017,3.043836142071436,0.6086532354355884,0.9571626536861831,71.48262212732801,29.582539682539682,/static/logos/cloud9-logo.png,AMER,10
Crazy Raccoon,16.666666666666664,1438.2751407639205,1438.2751407639205,20.0,0.7684800384800385,114.63864838864839,171.40957190957192,2.3767436267436266,0.11503066378066379,0.7831535594035595,60.69276094276094,13.505291005291005,/static/logos/crazy-raccoon-logo.png,Pacific,11
DRX,53.333333333333336,1602.5989114848117,1582.8157333294876,59.4059405940594,1.039351467051467,123.8449494949495,188.47492063492064,3.9235353535353537,0.09553602693602695,0.9893400192400192,70.9493746993747,34.634778911564624,/static/logos/drx-logo.png,Pacific,12
DetonatioN FocusMe,53.333333333333336,1497.0687328377016,1500.0,50.0,1.001167110588141,128.36479374655843,198.30538724891667,3.2862704397998517,0.5896946012593072,0.9679733845675021,69.99652661064425,35.42040816326531,/static/logos/detonation-focusme-logo.png,Pacific,13
Dragon Ranger Gaming,46.666666666666664,1476.213417363633,1436.8803184044991,0.0,1.0603222174071558,130.76846065367803,200.3137025012025,3.364342875321136,0.9901630779848171,1.0285770800455583,72.54435308281462,15.0,/static/logos/dragon-ranger-gaming-logo.png,CN,14
EDward Gaming,46.666666666666664,1536.1676684671631,1475.9711063620912,21.153846153846153,1.081435941195765,130.75995786348727,198.39947224888402,3.533385655738597,1.6175207415678006,1.0103957798193093,72.86564082944606,20.75,/static/logos/edward-gaming-logo.png,CN,15
ENVY,40.0,1473.0103489437615,1542.172592191286,80.0,0.9226070685913604,123.14302688596807,187.6337326725562,3.608345423639541,1.8827268021738608,0.9023711149417031,67.7563724293136,29.739105339105336,/static/logos/envy-logo.png,AMER,16
Eintracht Frankfurt,0.0,1484.0076332498165,1500.0,50.0,1.0,130.0,200.0,5.0,0.25,1.0,70.0,15.0,/static/logos/eintracht-frankfurt-logo.png,EMEA,17
Enterprise Esports,100.0,1517.7109844958125,1500.0,50.0,1.0,130.0,200.0,5.0,0.25,1.0,70.0,15.0,/static/logos/enterprise-esports-logo.png,EMEA,18
Eternal Fire,27.27272727272727,1462.653330244797,1500.0,50.0,1.1328965284864427,136.17373367373366,205.01700614200615,3.153300403300403,1.5079400229400228,1.0581515244015245,73.05557405557406,33.25873015873016,/static/logos/eternal-fire-logo.png,EMEA,19
Evil Geniuses,40.0,1494.1913458391286,1592.6952688862516,81.18811881188118,0.9355446800523075,124.61172040922041,188.10093887593888,3.0138085988085987,0.5597790986790987,0.9293441983941985,68.640168997669,29.81931216931217,/static/logos/evil-geniuses-logo.png,AMER,20
F4Q,0.0,1438.8855916837203,1438.8855916837203,0.0,0.7746666666666665,122.8,178.33333333333334,11.533333333333333,0.10066666666666668,0.7766666666666666,63.2,6.0,/static/logos/f4q-logo.png,Pacific,21
FNATIC,33.33333333333333,1540.214925441745,1607.6916052978104,59.4059405940594,1.1123181316973727,128.4131368196074,195.75202765371884,3.841681132048779,0.7037860512581101,1.0218972021986727,70.46118430589019,33.24584106369821,/static/logos/fnatic-logo.png,EMEA,22
FULL SENSE,33.33333333333333,1400.1641889882874,1432.4666936178467,0.0,1.0032291414529808,127.20249951301422,192.45257152705682,2.8359664545693954,1.3271951443436738,0.9716715407958055,73.03025952177535,37.29672912557528,/static/logos/full-sense-logo.png,Pacific,23
FURIA,33.33333333333333,1381.6336042912912,1421.5170208477982,0.0,0.991361639997613,125.63614003357037,189.77636455978947,3.2163667040447224,0.688686513233069,0.9452823740730089,69.52637364412907,32.452919501133785,/static/logos/furia-logo.png,AMER,24
FUT Esports,60.0,1527.3412015992906,1458.577019174458,40.59405940594059,0.9862351254165342,126.50190254190255,189.86575165575167,3.597030192030192,2.976496262996263,0.9516461519961521,68.85684439017773,26.333333333333332,/static/logos/fut-esports-logo.png,EMEA,25
Fire Flux Esports,100.0,1512.4365091974657,1500.0,50.0,1.0,130.0,200.0,5.0,0.25,1.0,70.0,15.0,/static/logos/fire-flux-esports-logo.png,EMEA,26
FunPlus Phoenix,33.33333333333333,1433.3938699548023,1490.2471260536495,0.0,1.0319519271060802,128.88925089072148,193.70528003586827,2.635710694534224,0.3118965334774158,0.9905166453916454,69.83321428027311,15.0,/static/logos/funplus-phoenix-logo.png,CN,27
G2 Esports,53.333333333333336,1598.0358706122215,1514.7012656202396,21.782178217821784,1.0627398887179462,133.1059473859474,201.0511244311244,3.942912642912643,2.5217446701446704,1.0369765123765124,71.93382685690378,42.10374149659864,/static/logos/g2-esports-logo.png,AMER,28
GIANTX,40.0,1480.149676626187,1491.0743044917538,40.59405940594059,0.9825753755217507,122.56293485381721,185.61137091122384,3.4023485991133047,0.3948327890519067,0.9392077844813139,69.5199708243826,33.680002405002405,/static/logos/giantx-logo.png,EMEA,29
Gambit Esports,80.0,1588.9739622058362,1588.9739622058362,81.18811881188118,1.4145753537398273,141.93114418476262,213.53452541610437,4.181954156954157,0.08336671369566107,1.1503729910440437,75.76548301844355,18.983957219251337,/static/logos/gambit-esports-logo.png,EMEA,30
Gen.G,53.333333333333336,1576.6665349321852,1511.0888324583925,60.57692307692308,1.013440766102275,124.98994900524312,191.26461059637532,3.6686571598336304,0.6007699799111564,0.9536192049780285,71.20441184088243,35.7152133580705,/static/logos/gen.g-logo.png,Pacific,31
Gentle Mates,46.666666666666664,1513.2184519395198,1517.6966126542989,38.77551020408163,1.03137253577308,127.61708735708736,195.5584978909979,3.7583352295852297,0.716330315055315,1.00582467994968,71.93686757686758,32.3210582010582,/static/logos/gentle-mates-logo.png,EMEA,32
Giants Gaming,33.33333333333333,1479.838736173438,1479.838736173438,34.92063492063492,0.968159239453357,133.344266191325,198.8205585264409,3.540701128936423,0.09840522875816994,1.014840166369578,70.55876411170529,18.87566844919786,/static/logos/giants-gaming-logo.png,EMEA,33
Global Esports,40.0,1441.6488746794903,1445.6244705578022,18.81188118811881,1.0695980345566303,131.2968410347822,200.59760990371285,3.4283640515258162,1.6104640985648337,0.9968728400140165,70.5889829193138,31.445833333333336,/static/logos/global-esports-logo.png,Pacific,34
Guild Esports,50.0,1497.0129565682726,1497.0129565682726,50.0,1.1168263446112712,134.65297845536816,206.6855332167832,3.7616207322089674,0.09846224547511312,1.0392711975524476,73.05786584738792,13.768589743589743,/static/logos/guild-esports-logo.png,EMEA,35
JDG Esports,40.0,1431.2822527387732,1500.0,50.0,0.94320272251397,124.41375782337322,191.26028653885797,3.3243214193214197,2.829028253492539,0.9257866531616531,68.95966140167268,15.0,/static/logos/jd-gaming-logo.png,CN,36
Joblife,100.0,1514.9072824882326,1500.0,50.0,1.0,130.0,200.0,5.0,0.25,1.0,70.0,15.0,/static/logos/joblife-logo.png,EMEA,37
KOI,16.666666666666664,1399.8584726656547,1500.0,50.0,0.8896390749092955,123.06244647237294,184.64471511603867,3.2695175739293387,0.11380336534380653,0.885365675990676,67.53457994211671,28.762037037037036,/static/logos/koi-logo.png,EMEA,38
KRÜ Esports,6.666666666666667,1363.6308723774778,1425.7222083665558,21.153846153846153,0.9502683713738621,123.74721689530513,187.59861998023763,3.4148365251306427,1.7111002866414633,0.9380747750071279,68.75588455117867,30.677200577200576,/static/logos/kru-logo.png,AMER,39
Karmine Corp,53.333333333333336,1530.1829775893527,1493.458815212416,31.666666666666664,1.0494763142408128,128.39344645951456,196.13627831863127,3.4755242991156305,0.3294636970643163,0.9976242780267549,72.23306896062314,29.91979316979317,/static/logos/karmine-corp-logo.png,EMEA,40
KeepBest Gaming,0.0,1458.1954234987659,1500.0,50.0,1.0,130.0,200.0,5.0,0.25,1.0,70.0,15.0,/static/logos/keepbest-gaming-logo.png,CN,41
Keyd Stars,20.0,1454.1029709341324,1454.1029709341324,20.5607476635514,0.990589898989899,125.46585858585858,187.03636363636366,3.1717171717171717,0.10187878787878787,0.9559533799533799,69.88606060606061,12.41998556998557,/static/logos/keyd-stars-logo.png,AMER,42
Kiwoom DRX,41.66666666666667,1472.9005549023134,1500.0,50.0,0.9924008926106189,128.245614434585,191.35645959432722,2.7851819748878577,1.456086760053672,0.9648153121388415,69.57361829347124,33.676984126984124,/static/logos/kiwoom-drx-logo.png,Pacific,43
LEVIATÁN,73.33333333333333,1590.8810502710742,1570.0384831733843,79.43925233644859,1.3168951282369008,135.7861455238661,206.37859229550406,3.5288376411170526,1.6016346727074666,1.123069523668053,77.00086619875223,45.72053571428572,/static/logos/leviatan-logo.png,AMER,44
LOUD,53.333333333333336,1544.436144925989,1614.1402338538935,61.22448979591836,0.957948439354287,126.05379039261393,192.08621966269027,3.6080881210292977,2.1261509209744505,0.9512271310388958,69.33324557795146,29.957359307359308,/static/logos/loud-logo.png,AMER,45
Liberty,0.0,1463.1938419447215,1463.1938419447215,0.0,0.7370629370629371,121.86013986013987,179.94405594405595,2.4230769230769234,0.11437062937062938,0.8085314685314686,64.11888111888112,7.793269230769231,/static/logos/liberty-logo.png,AMER,46
MIBR,40.0,1508.6465107836866,1486.18047393681,40.59405940594059,1.0865598756027794,130.96614409555588,197.20184364654955,4.083270106799518,2.8832506441271146,1.0136542622954388,71.67666503431208,28.85969387755102,/static/logos/mibr-logo.png,AMER,47
NORTHEPTION,33.33333333333333,1480.2265707693966,1480.2265707693966,30.15873015873015,0.8367521367521368,117.69824032176973,177.2149824032177,2.944997486173957,0.10621719457013577,0.8293634992458522,64.37456008044244,16.090277777777775,/static/logos/northeption-logo.png,Pacific,48
NRG,53.333333333333336,1653.5273801651724,1588.7951609544903,58.16326530612243,1.0709408741526834,130.67480633115306,197.79372456004032,5.175529334786301,3.1970559519141566,1.0189953650981516,71.97505827505827,34.891666666666666,/static/logos/nrg-logo.png,AMER,49
NUTURN,50.0,1500.5949059582754,1500.5949059582754,48.101265822784804,1.0236383616383617,119.1306943056943,195.00824175824175,3.8802447552447554,0.09548176823176824,0.8938918581418581,68.22427572427573,9.064743589743589,/static/logos/nuturn-logo.png,Pacific,50
Natus Vincere,46.666666666666664,1478.4010691491233,1495.5668945620932,36.66666666666667,1.0920879105055914,132.1871700031994,199.06578998887824,3.267650943827414,0.3106756273138626,1.0119557456160397,70.7481758383229,36.32666666666667,/static/logos/natus-vincere-logo.png,EMEA,51
Ninjas In Pyjamas,33.33333333333333,1486.4114002173426,1486.4114002173426,34.92063492063492,0.9332323232323231,124.55218855218855,194.0824915824916,3.03030303030303,0.11063973063973065,0.9705387205387205,67.25757575757576,14.945811051693404,/static/logos/ninjas-in-pyjamas-logo.png,EMEA,52
Nongshim RedForce,66.66666666666666,1634.3847030108577,1586.5007684010325,61.22448979591836,1.149417825839564,128.9330173067673,198.45270812520812,3.727371101121101,0.591840503015503,1.049495401820402,73.04506345506346,33.22228956228956,/static/logos/nongshim-redforce-logo.png,Pacific,53
Nova Esports,66.66666666666666,1555.0349184337908,1500.0,50.0,0.9711009097233447,125.73434616265648,191.14716578909412,3.6297115198043994,1.4001906616136492,0.9504040591470931,70.26463262860045,15.0,/static/logos/nova-esports-logo.png,CN,54
OpTic Gaming,66.66666666666666,1598.3537431106174,1598.3537431106174,56.43564356435643,1.0220571983400157,127.73150232206734,195.2434408384873,4.016814615553006,0.09393489961191201,0.9908311803779296,71.67624089618671,13.453394490499754,/static/logos/optic-gaming-logo.png,AMER,55
PCIFIC Esports,8.333333333333332,1382.5473440389785,1500.0,50.0,0.8532318096526513,115.86216006216006,175.22013727013726,2.558521108521109,0.8087454027454029,0.8744099974099974,65.50299145299145,36.55277777777778,/static/logos/pcific-esports-logo.png,EMEA,56
Papara SuperMassive,33.33333333333333,1485.2664860966088,1485.2664860966088,31.666666666666664,1.045,132.61363636363637,199.23863636363637,3.8409090909090913,0.09869318181818182,1.0027651515151514,71.66477272727273,9.256421356421356,/static/logos/papara-supermassive-logo.png,EMEA,57
Paper Rex,73.33333333333333,1667.6507488679129,1636.0122830498128,61.22448979591836,1.2070830383348825,140.48157320506004,209.4807273807777,3.5778903907696478,1.0695249790514496,1.0718691558656341,72.65362517420374,28.150132275132275,/static/logos/paper-rex-logo.png,Pacific,58
Rex Regum Qeon,26.666666666666668,1442.8905643194403,1423.8406648030657,17.75700934579439,1.0405927322649728,127.36583736524912,193.1026584771438,3.29547339914987,0.7879776541269189,0.9979167340829105,70.51392927334103,33.517467532467535,/static/logos/rex-regum-qeon-logo.png,Pacific,59
Sentinels,26.666666666666668,1494.4520241558243,1502.7592313351352,21.782178217821784,1.0265435973168378,126.52994264994264,193.3299345099345,3.1227857327857325,0.604197705997706,0.9913495171495171,70.77217597217597,29.652142857142856,/static/logos/sentinels-logo.png,AMER,60
Sharks Esports,0.0,1465.629045558359,1465.629045558359,0.0,0.7640259740259739,98.23701298701299,161.21103896103895,2.4902597402597406,0.12954545454545457,0.7870129870129869,57.925324675324674,7.003496503496503,/static/logos/sharks-esports-logo.png,AMER,61
T1,53.333333333333336,1574.327937849517,1517.1888117169444,20.0,1.1606795504287504,134.04614464239464,203.6082164132164,3.684531857031857,2.1009454244829247,1.0600442025567025,73.59930014430014,35.66742424242424,/static/logos/t1-logo.png,Pacific,62
TALON,53.333333333333336,1511.6454151783792,1462.0366204070108,0.0,1.0448055426055427,127.28951048951049,194.26138824138826,3.401181041181041,0.10215809375809376,0.9758722092722093,70.78954156954157,34.115793650793655,/static/logos/talon-logo.png,Pacific,63
TYLOO,60.0,1527.149762519172,1500.0,50.0,1.1206257003644644,134.98990877734346,206.99492627850185,3.3859980297480297,0.7656531093398471,1.0323678330597974,71.70677507016792,15.0,/static/logos/tyloo-logo.png,CN,64
Team Heretics,53.333333333333336,1572.7856550095453,1521.700186092418,40.59405940594059,1.1107639493005788,126.23998686498686,193.93250615125618,3.2659795297295293,1.3832366753616754,1.0225828227328226,75.08052620456466,30.80308302808303,/static/logos/team-heretics-logo.png,EMEA,65
Team Liquid,66.66666666666666,1612.4683448944788,1456.3991353157458,38.31775700934579,1.0600666663475091,129.10430991666286,195.139707185516,3.3724046188016774,0.3981461713395537,0.9924261793489735,72.39096510787687,30.75095719095719,/static/logos/team-liquid-logo.png,EMEA,66
Team Secret,33.33333333333333,1424.7919723296905,1503.4468002875042,51.76470588235295,0.875325360778211,120.45607946827256,181.31492649258954,2.726986887674228,0.5186551308488329,0.8940720605824506,68.64139418552462,35.30752506752506,/static/logos/team-secret-logo.png,Pacific,67
Team Vikings,33.33333333333333,1473.5327670608726,1473.5327670608726,20.5607476635514,0.94524064171123,127.19354828178358,195.3486284956873,2.791992321404086,0.10875841478782655,0.9391775218245807,67.51269645387292,13.70860920125626,/static/logos/team-vikings-logo.png,AMER,68
Team Vitality,66.66666666666666,1602.9698314252762,1542.6575019986421,60.57692307692308,1.2035781719404253,135.46034559394855,205.3345601756631,3.12374718146777,1.9111810381339793,1.0623645055380349,73.6475193107546,44.425396825396824,/static/logos/team-vitality-logo.png,EMEA,69
The Guard,0.0,1469.005103869905,1469.005103869905,0.0,0.8620054945054946,119.42032967032966,182.30219780219778,2.835164835164835,0.11137362637362638,0.8905494505494507,67.96153846153845,5.807692307692308,/static/logos/the-guard-logo.png,AMER,70
Titan Esports Club,33.33333333333333,1408.7012770251927,1500.0,50.0,1.0235421239560936,127.40249029533264,194.5611191981966,3.0242612381884824,0.5684365442820611,0.9738662886840608,69.47419448211133,15.0,/static/logos/titan-esports-club-logo.png,CN,71
Trace Esports,40.0,1449.6636571896909,1460.7939589192893,17.75700934579439,0.929702421170181,126.48920141572856,190.06731444481446,3.17187299356417,0.6374425542092398,0.9245437420171583,67.7925587986674,45.916666666666664,/static/logos/trace-esports-logo.png,CN,72
ULF Esports,25.0,1474.7591355495697,1500.0,50.0,0.872875,117.58405448717949,182.7605769230769,2.456570512820513,0.1181602564102564,0.8392307692307692,66.44326923076923,43.51322751322751,/static/logos/ulf-esports-logo.png,EMEA,73
VARREL,58.333333333333336,1538.335165935158,1500.0,50.0,0.9350401075346403,123.64155629399195,187.9416489913273,3.632768115258924,1.0244864449786324,0.919322087889643,66.44158418174962,26.765277777777776,/static/logos/varrel-logo.png,Pacific,74
Version1,50.0,1499.2278213545153,1499.2278213545153,50.0,0.9669588744588744,125.29256854256855,193.31493506493507,4.404401154401154,0.09504329004329004,0.9764321789321789,69.17676767676768,19.03125,/static/logos/version1-logo.png,AMER,75
Vision Strikers,50.0,1510.6032686561705,1510.6032686561705,43.56435643564357,1.1707247266622267,130.43189102564102,194.17924783549782,3.1007534132534134,0.09236385142635144,1.0615248640248638,73.65367271617272,10.233780108780108,/static/logos/vision-strikers-logo.png,Pacific,76
Wolves Esports,33.33333333333333,1451.835872123605,1524.110702905285,60.00000000000001,0.9679766149532789,125.36148981917265,190.2918833060601,3.22480247950953,0.43384677122128357,0.967845493913961,69.56667137165257,39.94897959183674,/static/logos/wolves-esports-logo.png,CN,77
X10 Esports,42.857142857142854,1479.2811845514634,1479.2811845514634,39.42307692307692,1.050095915988773,132.71201596023025,201.64735740450027,3.3373590695019266,0.09020604395604395,0.9923565541601256,69.99009680795395,10.864246467817896,/static/logos/x10-esports-logo.png,Pacific,78
XERXIA Esports,14.285714285714285,1429.9769086808292,1429.9769086808292,21.153846153846153,0.9390917958092327,129.77892065917277,195.18556286150826,3.466604823747681,0.10978507312015716,0.9326381234311907,67.65519616937684,14.222545836516426,/static/logos/xerxia-esports-logo.png,Pacific,79
XSET,57.14285714285714,1524.6755286674938,1524.6755286674938,62.376237623762385,0.9798706848706848,126.35272897037602,194.0688363923658,3.420977715095362,0.10139706698530228,0.970871420829404,70.9831638949286,10.258064892623716,/static/logos/xset-logo.png,AMER,80
Xi Lai Gaming,46.666666666666664,1505.3484365629556,1422.125831149318,18.81188118811881,1.0364747290438168,129.57531348281347,197.7680878843379,3.4440567765567764,1.9380395072520074,0.9721924371924371,72.33147454397455,23.333333333333332,/static/logos/xilai-logo.png,CN,81
ZETA DIVISION,40.0,1411.2301944460426,1455.3201260619624,17.75700934579439,0.9206235268494722,120.58769741696211,184.86556889189242,3.1323598297127706,0.5700930865974984,0.9030656902465726,68.6340198853434,27.78624135124135,/static/logos/zeta-division-logo.png,Pacific,82
